Rank	Site	Category	UniqueVisitors	Reach	PageViews	HasAdvertising	InEnglish	TLD
1	facebook.com	Social Networks	880000000	47.2	910000000000	Yes	Yes	com
2	youtube.com	Online Video	800000000	42.7	100000000000	Yes	Yes	com
3	yahoo.com	Web Portals	660000000	35.3	77000000000	Yes	Yes	com
4	live.com	Search Engines	550000000	29.3	36000000000	Yes	Yes	com
5	wikipedia.org	Dictionaries & Encyclopedias	490000000	26.2	7000000000	No	Yes	org
6	msn.com	Web Portals	450000000	24	15000000000	Yes	Yes	com
7	blogspot.com	Blogging Resources & Services	410000000	21.9	5400000000	Yes	Yes	com
8	baidu.com	Search Engines	340000000	18	110000000000	Yes	No	com
9	bing.com	Search Engines	340000000	18.3	11000000000	Yes	Yes	com
10	microsoft.com	Software	340000000	18.3	2700000000	Yes	Yes	com
11	qq.com	Web Portals	280000000	15	44000000000	Yes	No	com
12	ask.com	Search Engines	210000000	11.2	2000000000	Yes	Yes	com
13	taobao.com	Classifieds	190000000	10.3	30000000000	Yes	No	com
14	adobe.com	Multimedia Software	170000000	9.2	1000000000	No	Yes	com
15	wordpress.com	Blogging Resources & Services	170000000	9.2	1000000000	Yes	Yes	com
16	twitter.com	Email & Messaging	160000000	8.4	6000000000	Yes	Yes	com
17	youku.com	Online Video	160000000	8.4	3600000000	Yes	No	com
18	soso.com	Search Engines	160000000	8.4	3600000000	No	No	com
19	sohu.com	Web Portals	140000000	7.6	5900000000	Yes	No	com
20	163.com	Web Portals	140000000	7.7	6500000000	Yes	No	com
21	windows.com	Windows OS	130000000	7	540000000	Yes	Yes	com
22	hao123.com	Web Portals	120000000	6.3	7200000000	Yes	No	com
23	tudou.com	Online Video	120000000	6.3	2700000000	Yes	No	com
24	amazon.com	Shopping	120000000	6.3	4400000000	Yes	Yes	com
25	apple.com	Mac OS	110000000	5.8	1100000000	Yes	Yes	com
26	ebay.com	Auctions	110000000	5.8	10000000000	Yes	Yes	com
27	sogou.com	Search Engines	89000000	4.8	2300000000	Yes	No	com
28	mozilla.com	Internet Clients & Browsers	87000000	4.7	590000000	No	Yes	com
29	yahoo.co.jp	Web Portals	87000000	4.7	30000000000	Yes	No	co.jp
30	paypal.com	Merchant Services & Payment Systems	82000000	4.4	1700000000	Yes	Yes	com
31	tmall.com	Apparel	81000000	4.3	2100000000	Yes	No	com
32	go.com	Web Portals	81000000	4.4	3300000000	Yes	Yes	com
33	about.com	How-To&sbquo; DIY & Expert Content	81000000	4.3	600000000	Yes	Yes	com
34	flickr.com	Photo & Image Sharing	81000000	4.3	1700000000	Yes	Yes	com
35	56.com	Online Media	80000000	4.3	1100000000	Yes	No	com
36	4399.com	Online Games	80000000	4.3	4800000000	Yes	No	com
37	linkedin.com	Social Networks	74000000	4	2300000000	Yes	Yes	com
38	xunlei.com	File Sharing & Hosting	74000000	4	2000000000	Yes	No	com
39	dailymotion.com	Online Media	73000000	3.9	810000000	Yes	Yes	com
40	aol.com	Web Portals	72000000	3.9	5300000000	Yes	Yes	com
41	orkut.com	Social Networks	72000000	3.9	4400000000	Yes	Yes	com
42	ku6.com	Online Media	68000000	3.6	540000000	Yes	No	com
43	bbc.co.uk	World News	67000000	3.6	2700000000	Yes	Yes	co.uk
44	pps.tv	Online Video	67000000	3.6	540000000	Yes	No	tv
45	orkut.com.br	Social Networks	67000000	3.6	53000000000	No	No	com.br
46	cnet.com	Consumer Electronics	67000000	3.6	450000000	Yes	Yes	com
47	craigslist.org	Classifieds	66000000	3.5	24000000000	No	Yes	org
48	ehow.com	How-To&sbquo; DIY & Expert Content	61000000	3.3	280000000	Yes	Yes	com
49	weather.com	Weather	61000000	3.2	1200000000	Yes	Yes	com
50	4shared.com	File Sharing & Hosting	60000000	3.2	2500000000	Yes	Yes	com
51	imdb.com	Movie Reference	60000000	3.2	1200000000	Yes	Yes	com
52	myspace.com		60000000	3.2	1500000000	Yes	Yes	com
53	answers.com	General Reference	60000000	3.2	250000000	Yes	Yes	com
54	fc2.com	Web Services	59000000	3.2	3300000000	Yes	Yes	com
55	mywebsearch.com	Search Engines	56000000	3	1200000000	Yes	Yes	com
56	mail.ru	Email & Messaging	55000000	2.9	19000000000	Yes	No	ru
57	7k7k.com	Casual Games	55000000	3	4000000000	Yes	No	com
58	uol.com.br	Web Portals	55000000	3	5400000000	Yes	No	com.br
59	gocsgo.com		55000000	2.9	180000000	No	No	com
60	alibaba.com	Import & Export	54000000	2.9	1100000000	Yes	Yes	com
61	skype.com	Voice & Video Chat	54000000	2.9	490000000	Yes	Yes	com
62	badoo.com	Dating & Personals	51000000	2.7	5900000000	Yes	Yes	com
63	scribd.com	Social Networks	51000000	2.7	160000000	Yes	Yes	com
64	cnn.com	Broadcast & Network News	50000000	2.7	1300000000	Yes	Yes	com
65	soku.com	Online Video	50000000	2.7	780000000	Yes	No	com
66	babylon.com	Translation Tools & Resources	50000000	2.7	790000000	Yes	Yes	com
67	yandex.ru	Search Engines	46000000	2.5	14000000000	Yes	No	com
68	2345.com	Web Portals	45000000	2.4	2100000000	Yes	No	com
69	renren.com	Social Networks	45000000	2.4	3300000000	Yes	No	com
70	megaupload.com	File Sharing & Hosting	45000000	2.4	490000000	Yes	Yes	com
71	alot.com	Web Apps & Online Tools	45000000	2.4	490000000	Yes	Yes	com
72	hp.com	Computer Hardware	45000000	2.4	660000000	Yes	Yes	com
73	rakuten.co.jp	Shopping Portals & Search Engines	45000000	2.4	4000000000	Yes	No	co.jp
74	goo.ne.jp	Web Portals	45000000	2.4	870000000	Yes	No	ne.jp
75	netflix.com	DVD & Video Rentals	45000000	2.4	2500000000	Yes	Yes	com
76	softonic.com	Software	45000000	2.4	370000000	Yes	Yes	com
77	blogger.com	Blogging Resources & Services	42000000	2.2	1100000000	No	Yes	com
78	360.cn	Antivirus & Malware	42000000	2.2	800000000	No	No	cn
79	alipay.com	Merchant Services & Payment Systems	42000000	2.3	2000000000	Yes	No	com
80	globo.com	Web Portals	41000000	2.2	3000000000	Yes	No	com
81	photobucket.com	Photo & Video Sharing	41000000	2.2	600000000	Yes	Yes	com
82	bankofamerica.com	Banking	41000000	2.2	2500000000	Yes	Yes	com
83	discoverbing.com	Search Engines	41000000	2.2	170000000	Yes	Yes	com
84	mediafire.com	File Sharing & Hosting	41000000	2.2	370000000	Yes	Yes	com
85	partypoker.com		41000000	2.2	130000000	Yes	Yes	com
86	camzap.com	Webcams & Virtual Tours	41000000	2.2	140000000	No	No	com
87	ameblo.jp	Blogging Resources & Services	41000000	2.2	1700000000	Yes	No	jp
88	odnoklassniki.ru	Social Networks	38000000	2	14000000000	Yes	No	ru
89	terra.com.br	News	38000000	2	1700000000	Yes	No	com.br
90	naver.com	Search Engines	38000000	2	23000000000	Yes	No	com
91	zynga.com	Casual Games	38000000	2	780000000	Yes	Yes	com
92	amazon.co.jp	Entertainment Media	38000000	2	1300000000	No	No	co.jp
93	vkontakte.ru	Social Networks	38000000	2	92000000000	No	No	ru
94	imageshack.us		38000000	2	210000000	Yes	Yes	us
95	youdao.com	Blogging Resources & Services	38000000	2	280000000	Yes	No	com
96	pconline.com.cn	Local News	38000000	2	450000000	Yes	No	com.cn
97	58.com	Classifieds	37000000	2	960000000	Yes	No	com
98	chase.com	Banking	37000000	2	2500000000	Yes	Yes	com
99	mapquest.com	Maps	37000000	2	210000000	Yes	Yes	com
100	xinhuanet.com	News	37000000	2	870000000	Yes	No	com
101	joy.cn	Online Video	37000000	2	280000000	Yes		
102	metacafe.com	Video Sharing	37000000	2	370000000	Yes		
103	tumblr.com	Online Journals & Personal Sites	37000000	2	1600000000	Yes		
104	cntv.cn	TV Networks & Stations	37000000	2	540000000	Yes		
105	hotmail.com	Email & Messaging	37000000	2	210000000	Yes		
106	walmart.com	Mass Merchants & Department Stores	35000000	1.9	790000000	Yes		
107	livedoor.jp	Web Portals	35000000	1.9	590000000	Yes		
108	tianya.cn	Online Communities	34000000	1.8	440000000	Yes		
109	booking.com	Hotels & Accommodations	34000000	1.8	590000000	No		
110	ebay.de	Auctions	34000000	1.8	6400000000	Yes		
111	zedo.com	Advertising & Marketing	34000000	1.8	150000000	Yes		
112	paipai.com	Apparel	34000000	1.8	720000000	No		
113	miniclip.com	Online Games	34000000	1.8	650000000	Yes		
114	rapidshare.com	File Sharing & Hosting	34000000	1.8	370000000	Yes		
115	daum.net	Web Portals	34000000	1.8	6500000000	Yes		
116	nytimes.com	Newspapers	31000000	1.7	540000000	Yes		
117	zol.com.cn	Computer Hardware	31000000	1.6	590000000	Yes		
118	gougou.com	Search Engines	31000000	1.7	650000000	Yes		
119	megavideo.com	Online Video	31000000	1.7	270000000	Yes		
120	nih.gov	Health	31000000	1.7	330000000	Yes		
121	ebay.co.uk	Auctions	31000000	1.7	5900000000	Yes		
122	wikimedia.org	Dictionaries & Encyclopedias	31000000	1.7	120000000	No		
123	taringa.net	Social Networks	31000000	1.6	530000000	Yes		
124	avg.com	Antivirus & Malware	31000000	1.7	230000000	No		
125	hudong.com	Celebrities & Entertainment News	31000000	1.6	170000000	Yes		
126	96pk.com	Shopping	31000000	1.7	110000000	No		
127	thefreedictionary.com	Dictionaries & Encyclopedias	31000000	1.7	110000000	Yes		
128	seesaa.net	Blogging Resources & Services	31000000	1.7	230000000	Yes		
129	target.com	Mass Merchants & Department Stores	31000000	1.7	540000000	Yes		
130	hi5.com	Social Networks	31000000	1.7	4400000000	Yes		
131	tripadvisor.com	Travel	29000000	1.5	340000000	Yes		
132	mcafee.com	Antivirus & Malware	28000000	1.5	160000000	Yes		
133	reference.com	Dictionaries & Encyclopedias	28000000	1.5	250000000	Yes		
134	dell.com	Computer Hardware	28000000	1.5	410000000	Yes		
135	att.com	Phone Service Providers	28000000	1.5	880000000	Yes		
136	bigpoint.com	Online Games	28000000	1.5	1200000000	Yes		
137	foxsports.com	Sports News	28000000	1.5	660000000	Yes		
138	51wan.com	Fantasy Sports	28000000	1.5	90000000	Yes		
139	10086.cn	Web Apps & Online Tools	28000000	1.5	650000000	Yes		
140	huffingtonpost.com	News	28000000	1.5	490000000	Yes		
141	ganji.com	Shopping Portals & Search Engines	28000000	1.5	960000000	Yes		
142	amazon.de	Entertainment Media	28000000	1.5	1200000000	No		
143	nifty.com	Web Portals	28000000	1.5	800000000	Yes		
144	comcast.net	Web Portals	28000000	1.5	4100000000	Yes		
145	pomoho.com	Online Video	28000000	1.5	190000000	Yes		
146	amazon.co.uk	Shopping Portals & Search Engines	28000000	1.5	1000000000	No		
147	kaixin001.com	Social Networks	28000000	1.5	1400000000	No		
148	imesh.com	Music Streams & Downloads	28000000	1.5	210000000	Yes		
149	wellsfargo.com	Banking	26000000	1.4	1500000000	Yes		
150	free.fr	ISPs	26000000	1.4	870000000	Yes		
151	m18.com	Fashion & Style	26000000	1.4	330000000	No		
152	people.com.cn	News	26000000	1.4	330000000	Yes		
153	ikea.com	Home Furnishings	26000000	1.4	790000000	No		
154	narod.ru	Web Hosting & Domain Registration	26000000	1.4	280000000	Yes		
155	sparkstudios.com	Marketing Services	26000000	1.4	89000000	No		
156	dailymail.co.uk	Newspapers	26000000	1.4	370000000	Yes		
157	brothersoft.com	Freeware & Shareware	26000000	1.4	130000000	Yes		
158	weibo.com	Online Video	26000000	1.4	670000000	Yes		
159	sourceforge.net	Open Source	26000000	1.4	130000000	Yes		
160	slideshare.net	Business Plans & Presentations	26000000	1.4	80000000	Yes		
161	groupon.com	Coupons & Discount Offers	26000000	1.4	190000000	Yes		
162	iegallery.com		26000000	1.4	55000000	No		
163	iminent.com	Clip Art & Animated GIFs	25000000	1.4	1100000000	Yes		
164	kugou.com	Movies	25000000	1.4	110000000	Yes		
165	thepiratebay.org	File Sharing & Hosting	24000000	1.3	640000000	Yes		
166	pptv.com	TV Networks & Stations	24000000	1.3	300000000	Yes		
167	verizonwireless.com	Phone Service Providers	24000000	1.3	730000000	Yes		
168	hatena.ne.jp	Blogging Resources & Services	24000000	1.3	160000000	Yes		
169	americanexpress.com	Credit Cards	24000000	1.3	410000000	Yes		
170	3366.com	Arts & Entertainment	23000000	1.2	890000000	No		
171	9223.com	Directories & Listings	23000000	1.3	870000000	Yes		
172	126.com	Web Portals	23000000	1.2	960000000	Yes		
173	expedia.com	Travel	23000000	1.2	540000000	Yes		
174	wowan365.com	Computer & Video Games	23000000	1.3	54000000	No		
175	wikia.com	Online Communities	23000000	1.3	410000000	Yes		
176	yytou.cn		23000000	1.2	66000000	No		
177	fileserve.com	File Sharing & Hosting	23000000	1.3	210000000	No		
178	peeplo.com	Search Engines	23000000	1.3	88000000	Yes		
179	autohome.com.cn	Vehicle Shopping	23000000	1.2	1700000000	Yes		
180	hotfile.com	File Sharing & Hosting	23000000	1.3	170000000	Yes		
181	tripod.com	Web Design & Development	23000000	1.2	87000000	Yes		
182	netlog.com	Social Networks	23000000	1.2	1300000000	Yes		
183	726.com	Web Portals	23000000	1.3	720000000	Yes		
184	inbox.com	Email & Messaging	23000000	1.2	210000000	Yes		
185	kuwo.cn	Celebrities & Entertainment News	23000000	1.3	270000000	Yes		
186	livejournal.com	Blogging Resources & Services	23000000	1.2	650000000	Yes		
187	cncmax.cn	Web Portals	23000000	1.2	110000000	Yes		
188	comcast.com	Service Providers	22000000	1.2	170000000	Yes		
189	39.net	Health	22000000	1.2	370000000	Yes		
190	baixaki.com.br	Internet & Telecom	21000000	1.1	370000000	Yes		
191	douban.com	Social Networks	21000000	1.1	370000000	Yes		
192	match.com	Dating & Personals	21000000	1.1	1300000000	Yes		
193	soufun.com	Real Estate	21000000	1.2	480000000	Yes		
194	china.com	Web Portals	21000000	1.1	1100000000	Yes		
195	vancl.com	Apparel	21000000	1.1	370000000	No		
196	orange.fr	Web Portals	21000000	1.1	5900000000	Yes		
197	haohaowan.com	Cartoons	21000000	1.1	60000000	Yes		
198	windowslivehelp.com	Email & Messaging	21000000	1.1	120000000	No		
199	maktoob.com	Web Portals	21000000	1.1	410000000	Yes		
200	biglobe.ne.jp	Web Portals	21000000	1.1	540000000	Yes		
201	letv.com	Online Media	21000000	1.1	210000000	Yes		
202	foxnews.com	Broadcast & Network News	21000000	1.1	650000000	Yes		
203	glispa.com	Search Engine Optimization & Marketing	21000000	1.2	42000000	No		
204	vimeo.com		21000000	1.1	120000000	Yes		
205	mozilla.org	Internet Clients & Browsers	21000000	1.1	130000000	No		
206	irs.gov	Accounting & Auditing	21000000	1.1	400000000	No		
207	jiayuan.com	Dating & Personals	21000000	1.1	870000000	Yes		
208	mercadolivre.com.br	Auctions	21000000	1.1	790000000	Yes		
209	yelp.com	Directories & Listings	21000000	1.1	190000000	Yes		
210	geocities.jp	Web Hosting & Domain Registration	21000000	1.1	210000000	Yes		
211	ig.com.br	Web Portals	21000000	1.1	1200000000	Yes		
212	livingsocial.com	Coupons & Discount Offers	21000000	1.1	130000000	Yes		
213	musica.com	Music & Audio	21000000	1.1	310000000	Yes		
214	samsung.com	Consumer Electronics	21000000	1.1	170000000	Yes		
215	y8.com	Flash-Based Entertainment	21000000	1.1	1400000000	Yes		
216	eastmoney.com	Investing	21000000	1.1	940000000	Yes		
217	pandora.com	Radio	21000000	1.2	1500000000	Yes		
218	rambler.ru	Web Portals	20000000	1	2300000000	Yes		
219	depositfiles.com	File Sharing & Hosting	20000000	1	170000000	Yes		
220	360buy.com	E-Commerce Services	20000000	1	440000000	Yes		
221	uuzu.com	Computer & Video Games	19000000	1	50000000	No		
222	indeed.com	Jobs	19000000	1	550000000	Yes		
223	ups.com	Mail & Package Delivery	19000000	1	280000000	Yes		
224	facemoods.com	Social Network Apps & Add-Ons	19000000	1	250000000	Yes		
225	mlb.com	Baseball	19000000	1	450000000	Yes		
226	java.com	Java	19000000	1	97000000	No		
227	xdwan.cn		19000000	1	38000000	Yes		
228	commentcamarche.net	Technology News	19000000	1	170000000	Yes		
229	t-online.de	Web Portals	19000000	1	960000000	Yes		
230	bestbuy.com	Consumer Electronics	19000000	1	370000000	Yes		
231	nate.com	Web Portals	19000000	1	3000000000	Yes		
232	yellowpages.com	Business & Personal Listings	19000000	1	140000000	Yes		
233	6.cn	Online Video	19000000	1	110000000	Yes		
234	reuters.com	News	19000000	1	210000000	Yes		
235	nba.com	Basketball	19000000	1	370000000	Yes		
236	nhk.or.jp	TV Networks & Stations	19000000	1	280000000	No		
237	cocolog-nifty.com	Blogging Resources & Services	19000000	1	150000000	Yes		
238	in.com	Web Portals	19000000	1	190000000	Yes		
239	abril.com.br	Web Portals	19000000	1	280000000	Yes		
240	nextag.com	Shopping	19000000	1	110000000	Yes		
241	kakaku.com	Price Comparisons	19000000	1	720000000	Yes		
242	huanqiu.com	News	19000000	1	550000000	Yes		
243	rincondelvago.com	Education	19000000	1	90000000	Yes		
244	usps.com	Mail & Package Delivery	19000000	1	330000000	No		
245	friv.com	Online Games	19000000	1	340000000	Yes		
246	capitalone.com	Credit Cards	19000000	1	540000000	Yes		
247	weather.com.cn	Weather	19000000	1	120000000	Yes		
248	okwave.jp	Forum & Chat Providers	19000000	1	60000000	Yes		
249	leboncoin.fr	Classifieds	19000000	1	5300000000	Yes		
250	nicovideo.jp	Online Video	19000000	1	2100000000	Yes		
251	norton.com	Network Security	19000000	1	130000000	No		
252	partycasino.com		18000000	0.9	49000000	Yes		
253	yzz.cn	Celebrities & Entertainment News	18000000	0.9	88000000	Yes		
254	marketgid.com	Shopping Portals & Search Engines	18000000	1	210000000	Yes		
255	web.de	Web Portals	18000000	0.9	1300000000	Yes		
256	allrecipes.com	Cooking & Recipes	18000000	1	250000000	Yes		
257	17173.com	Roleplaying Games	18000000	0.9	250000000	Yes		
258	ameba.jp	Blogging Resources & Services	18000000	0.9	1700000000	Yes		
259	foxtab.com	Internet Clients & Browsers	18000000	0.9	73000000	Yes		
260	homedepot.com	Home Improvement	18000000	0.9	340000000	No		
261	groupon.com.br	Coupons & Discount Offers	18000000	1	89000000	Yes		
262	guardian.co.uk	Newspapers	18000000	0.9	160000000	Yes		
263	skycn.com	Software	18000000	0.9	96000000	Yes		
264	avast.com		18000000	0.9	74000000	No		
265	cyworld.com	Celebrities & Entertainment News	18000000	1	1700000000	No		
266	hulu.com	Online Video	18000000	0.9	450000000	Yes		
267	exblog.jp	Blogging Resources & Services	18000000	0.9	190000000	Yes		
268	vk.com	Social Networks	18000000	0.9	1300000000	No		
269	wn.com	World News	18000000	0.9	34000000	Yes		
270	surveymonkey.com	Web Apps & Online Tools	18000000	0.9	170000000	Yes		
271	nk.pl	Social Networks	18000000	0.9	5400000000	Yes		
272	real.com	Media Players	18000000	0.9	55000000	Yes		
273	monografias.com	Web Portals	18000000	0.9	74000000	Yes		
274	clubpenguin.com	Virtual Worlds	17000000	0.9	650000000	No		
275	ocn.ne.jp	Web Portals	17000000	0.9	300000000	Yes		
276	microsofttranslator.com	Translation Tools & Resources	17000000	0.9	81000000	Yes		
277	oyunlar1.com	Online Games	17000000	0.9	960000000	Yes		
278	onet.pl	Web Portals	17000000	0.9	3300000000	Yes		
279	boosj.com	Online Video	17000000	0.9	130000000	Yes		
280	intuit.com	Business Operations	17000000	0.9	410000000	Yes		
281	webmd.com	Medical Literature & Resources	17000000	0.9	160000000	Yes		
282	chinanews.com	Cosmetic Surgery	17000000	0.9	440000000	Yes		
283	twitpic.com	Online Communities	17000000	0.9	160000000	Yes		
284	so-net.ne.jp	Web Portals	17000000	0.9	160000000	Yes		
285	uoyoo.cn		17000000	0.9	51000000	Yes		
286	metrolyrics.com	Music & Audio	17000000	0.9	60000000	Yes		
287	yomiuri.co.jp	Newspapers	17000000	0.9	340000000	Yes		
288	wordreference.com		17000000	0.9	190000000	Yes		
289	telegraph.co.uk	Newspapers	17000000	0.9	210000000	Yes		
290	2ch.net	Forum & Chat Providers	17000000	0.9	650000000	Yes		
291	tagged.com	Online Games	16000000	0.9	4000000000	Yes		
292	wsj.com	Newspapers	16000000	0.8	210000000	Yes		
293	game5.com	Massive Multiplayer	16000000	0.9	37000000	Yes		
294	dangdang.com	Book Retailers	16000000	0.9	370000000	Yes		
295	ucoz.ru	Web Design & Development	16000000	0.9	250000000	Yes		
296	ccb.com.cn	Banking	16000000	0.9	250000000	No		
297	wp.pl		16000000	0.9	2200000000	Yes		
298	m1905.com	TV Networks & Stations	16000000	0.9	210000000	Yes		
299	1ting.com	Music & Audio	16000000	0.8	230000000	Yes		
300	sonico.com	Social Networks	16000000	0.9	540000000	Yes		
301	macys.com	Mass Merchants & Department Stores	16000000	0.8	650000000	Yes		
302	wan71.com		16000000	0.8	42000000	No		
303	hexun.com	Investing	16000000	0.9	190000000	Yes		
304	careerbuilder.com	Job Listings	16000000	0.9	400000000	Yes		
305	typepad.com	Blogging Resources & Services	16000000	0.9	90000000	Yes		
306	shopping.com	Price Comparisons	16000000	0.8	73000000	Yes		
307	zing.vn	Viet Nam	16000000	0.9	1900000000	Yes		
308	imvu.com	Social Networks	16000000	0.9	210000000	Yes		
309	mop.com	Roleplaying Games	16000000	0.8	190000000	Yes		
310	verycd.com	File Sharing & Hosting	16000000	0.9	160000000	Yes		
311	whitepages.com	Search Engines	16000000	0.9	210000000	Yes		
312	over-blog.com	Blogging Resources & Services	16000000	0.9	170000000	Yes		
313	robtex.com		16000000	0.8	37000000	Yes		
314	jugem.jp	Blogging Resources & Services	16000000	0.8	99000000	Yes		
315	monster.com	Jobs	16000000	0.9	340000000	Yes		
316	allegro.pl	Auctions	16000000	0.9	4400000000	Yes		
317	wanmei.com	Vision Care	16000000	0.9	96000000	No		
318	95599.cn	Banking	16000000	0.9	210000000	No		
319	picnik.com	Photographic & Digital Arts	16000000	0.8	1100000000	Yes		
320	zimbio.com	Celebrities & Entertainment News	16000000	0.8	140000000	Yes		
321	duowan.com	Online Games	16000000	0.9	400000000	Yes		
322	fedex.com	Mail & Package Delivery	16000000	0.9	310000000	Yes		
323	abchina.com	Banking	16000000	0.9	230000000	No		
324	lowes.com	Home Improvement	16000000	0.8	340000000	Yes		
325	tenpay.com	Merchant Services & Payment Systems	16000000	0.8	190000000	No		
326	moonbasa.com	Undergarments	16000000	0.9	97000000	No		
327	asahi.com	News	16000000	0.9	260000000	Yes		
328	gmx.net	Web Portals	16000000	0.9	720000000	Yes		
329	juegos.com	Online Games	16000000	0.9	550000000	Yes		
330	sears.com	Mass Merchants & Department Stores	16000000	0.8	280000000	Yes		
331	dianping.com	Dining Guides	16000000	0.9	130000000	Yes		
332	hotels.com	Hotels & Accommodations	16000000	0.9	230000000	Yes		
333	woyo.com	Social Networks	16000000	0.9	54000000	No		
334	sakura.ne.jp	Web Hosting & Domain Registration	16000000	0.8	210000000	Yes		
335	libero.it	Web Portals	16000000	0.9	1400000000	Yes		
336	zqgame.com	Sony PlayStation	15000000	0.8	35000000	Yes		
337	rediff.com	Web Portals	15000000	0.8	1300000000	Yes		
338	caixa.gov.br	Banking	15000000	0.8	500000000	No		
339	deviantart.com	Photographic & Digital Arts	15000000	0.8	870000000	Yes		
340	mylife.com	People Search	15000000	0.8	98000000	Yes		
341	amazon.cn	Shopping Portals & Search Engines	15000000	0.8	230000000	No		
342	pagesjaunes.fr	Business & Personal Listings	15000000	0.8	270000000	Yes		
343	wikimapia.org	Maps	15000000	0.8	280000000	Yes		
344	bild.de	News	15000000	0.8	450000000	Yes		
345	gutefrage.net	Educational Resources	15000000	0.8	60000000	Yes		
346	hubpages.com	Investing	15000000	0.8	56000000	Yes		
347	ning.com	Web Design & Development	15000000	0.8	230000000	Yes		
348	softpedia.com	Software	15000000	0.8	81000000	Yes		
349	tu.tv	Online Video	15000000	0.8	120000000	Yes		
350	constantcontact.com	Email & Messaging	15000000	0.8	230000000	Yes		
351	pcauto.com.cn	Vehicle Shopping	15000000	0.8	800000000	Yes		
352	mobile.de	Vehicle Shopping	15000000	0.8	1500000000	Yes		
353	orkut.co.in	Social Networks	15000000	0.8	1200000000	Yes		
354	ournba.net	Online Video	15000000	0.8	89000000	Yes		
355	passport.net	Email & Messaging	15000000	0.8	80000000	Yes		
356	liutilities.com	Software Utilities	14000000	0.8	28000000	No		
357	qire123.com	Online Video	14000000	0.8	270000000	Yes		
358	jcpenney.com	Mass Merchants & Department Stores	14000000	0.8	540000000	Yes		
359	mainichi.jp	Newspapers	14000000	0.8	130000000	Yes		
360	justin.tv	Online Video	14000000	0.8	600000000	Yes		
361	xici.net	Online Communities	14000000	0.8	210000000	Yes		
362	ustream.tv	Online Video	14000000	0.8	140000000	Yes		
363	southwest.com	Air Travel	14000000	0.8	330000000	Yes		
364	kioskea.net	Computers & Electronics	14000000	0.8	80000000	Yes		
365	intel.com	Chips & Processors	14000000	0.8	80000000	No		
366	51.com	Social Networks	14000000	0.8	720000000	Yes		
367	sweetim.com	Clip Art & Animated GIFs	14000000	0.8	210000000	Yes		
368	manta.com	Business & Industrial	14000000	0.8	56000000	Yes		
369	verizon.com	Service Providers	14000000	0.8	960000000	Yes		
370	squidoo.com	Web Services	14000000	0.8	66000000	Yes		
371	baixing.com	Classifieds	14000000	0.8	540000000	Yes		
372	webs.com	Web Design & Development	14000000	0.8	190000000	Yes		
373	torrentz.eu	File Sharing & Hosting	14000000	0.8	330000000	Yes		
374	wikihow.com	How-To&sbquo; DIY & Expert Content	14000000	0.8	38000000	Yes		
375	allabout.co.jp	General Reference	14000000	0.8	98000000	Yes		
376	bitauto.com	Autos & Vehicles	13000000	0.7	490000000	Yes		
377	bizrate.com	Apparel	13000000	0.7	89000000	Yes		
378	addictinggames.com	Online Games	13000000	0.7	210000000	Yes		
379	ebuddy.com	Email & Messaging	13000000	0.7	250000000	Yes		
380	priceline.com	Travel	13000000	0.7	280000000	Yes		
381	washingtonpost.com	Newspapers	13000000	0.7	210000000	Yes		
382	armorgames.com	Online Games	13000000	0.7	130000000	Yes		
383	optmd.com	Advertising & Marketing	13000000	0.7	31000000	Yes		
384	wunderground.com	Weather	13000000	0.7	230000000	Yes		
385	filesonic.com	File Sharing & Hosting	13000000	0.7	88000000	No		
386	nick.com	Online Games	13000000	0.7	480000000	Yes		
387	rr.com	Web Portals	13000000	0.7	960000000	Yes		
388	tom.com	News	13000000	0.7	330000000	Yes		
389	agame.com	Computer & Video Games	13000000	0.7	210000000	Yes		
390	indiatimes.com	Newspapers	13000000	0.7	370000000	Yes		
391	sdo.com	Online Games	13000000	0.7	160000000	Yes		
392	opera.com	Internet Clients & Browsers	13000000	0.7	60000000	Yes		
393	mynet.com	Web Portals	13000000	0.7	1400000000	Yes		
394	univision.com	Web Portals	13000000	0.7	340000000	Yes		
395	chip.de	Computers & Electronics	13000000	0.7	130000000	Yes		
396	videobash.com	Humor	13000000	0.7	50000000	Yes		
397	usatoday.com	Newspapers	13000000	0.7	190000000	Yes		
398	ezinearticles.com	Dating & Personals	13000000	0.7	67000000	Yes		
399	accountonline.com	Credit Cards	13000000	0.7	230000000	Yes		
400	qidian.com	Fan Fiction	13000000	0.7	550000000	Yes		
401	61.com	Family-Oriented Games & Activities	13000000	0.7	120000000	No		
402	cartoonnetwork.com	Cartoons	13000000	0.7	410000000	Yes		
403	taleo.net	Management	13000000	0.7	360000000	Yes		
404	linternaute.com	Magazines	13000000	0.7	250000000	Yes		
405	foodnetwork.com	Cooking & Recipes	13000000	0.7	190000000	Yes		
406	virgilio.it	Web Portals	13000000	0.7	600000000	Yes		
407	best-price.com	Price Comparisons	13000000	0.7	45000000	Yes		
408	rakuten.ne.jp	Shopping Portals & Search Engines	13000000	0.7	110000000	Yes		
409	sp.gov.br	State & Local Government	13000000	0.7	550000000	Yes		
410	beemp3.com	Music Streams & Downloads	13000000	0.7	130000000	Yes		
411	formspring.me	Social Networks	13000000	0.7	500000000	No		
412	freeonlinegames.com	Casual Games	13000000	0.7	130000000	Yes		
413	shopathome.com	Coupons & Discount Offers	13000000	0.7	160000000	Yes		
414	ign.com	Computer & Video Games	13000000	0.7	160000000	Yes		
415	latimes.com	Newspapers	13000000	0.7	97000000	Yes		
416	people.com	Celebrities & Entertainment News	13000000	0.7	720000000	Yes		
417	tabelog.com	Dining Guides	13000000	0.7	250000000	Yes		
418	skyrock.com	Social Networks	13000000	0.7	800000000	Yes		
419	excite.co.jp	Web Portals	12000000	0.6	210000000	Yes		
420	docin.com	Advertising & Marketing	12000000	0.6	73000000	Yes		
421	ticketmaster.com	Ticket Sales	12000000	0.6	250000000	Yes		
422	local.com	Business & Personal Listings	12000000	0.6	56000000	Yes		
423	duckload.com	Web Design & Development	12000000	0.6	98000000	Yes		
424	pronto.com	Price Comparisons	12000000	0.6	61000000	Yes		
425	babycenter.com	Baby Care & Hygiene	12000000	0.6	190000000	Yes		
426	livedoor.com	Web Portals	12000000	0.6	340000000	Yes		
427	girlsgogames.com	Flash-Based Entertainment	12000000	0.6	450000000	Yes		
428	wiktionary.org	Dictionaries & Encyclopedias	12000000	0.6	34000000	No		
429	laredoute.fr	Apparel	12000000	0.7	300000000	Yes		
430	shentime.com	Movies	12000000	0.6	55000000	Yes		
431	wretch.cc	Online Journals & Personal Sites	12000000	0.7	3600000000	Yes		
432	iza.ne.jp	News	12000000	0.6	99000000	Yes		
433	kohls.com	Apparel	12000000	0.6	540000000	No		
434	kuxun.cn	Bus & Rail	12000000	0.6	130000000	Yes		
435	usagc.org	Visa & Immigration	12000000	0.6	31000000	Yes		
436	blackberry.com	Smart Phones	12000000	0.6	170000000	Yes		
437	dropbox.com	File Sharing & Hosting	12000000	0.6	190000000	No		
438	legacy.com		12000000	0.6	230000000	Yes		
439	sfr.fr	Mobile & Wireless	12000000	0.6	1300000000	Yes		
440	gap.com	Apparel	12000000	0.6	370000000	Yes		
441	r7.com	News	12000000	0.7	280000000	Yes		
442	91.com	Flash-Based Entertainment	12000000	0.6	110000000	Yes		
443	yfrog.com		12000000	0.6	110000000	Yes		
444	mixi.jp	Social Networks	12000000	0.6	2800000000	Yes		
445	buenastareas.com	Educational Resources	12000000	0.6	97000000	Yes		
446	sponichi.co.jp	Sports News	12000000	0.6	120000000	Yes		
447	ztgame.com	E-Books	12000000	0.7	45000000	No		
448	gaopeng.com	Fitness	12000000	0.6	25000000	No		
449	qunar.com	Air Travel	12000000	0.6	110000000	Yes		
450	gamespot.com	Computer & Video Games	12000000	0.7	120000000	Yes		
451	ryanair.com	Air Travel	12000000	0.7	110000000	Yes		
452	51job.com	Jobs	12000000	0.6	340000000	Yes		
453	domaintools.com	Web Hosting & Domain Registration	12000000	0.6	42000000	Yes		
454	vagalume.com.br	Song Lyrics & Tabs	12000000	0.6	190000000	Yes		
455	ynet.com	News	12000000	0.7	550000000	Yes		
456	itau.com.br	Credit & Lending	12000000	0.6	1000000000	No		
457	aufeminin.com	Women's Interests	12000000	0.6	160000000	Yes		
458	jiji.com	News	12000000	0.6	140000000	Yes		
459	buscape.com.br	Shopping Portals & Search Engines	12000000	0.6	89000000	Yes		
460	mapion.co.jp	Maps	12000000	0.6	74000000	Yes		
461	addthis.com	Internet Clients & Browsers	12000000	0.6	38000000	No		
462	pogo.com	Casual Games	12000000	0.6	1200000000	Yes		
463	mtv.com	Music & Audio	12000000	0.6	120000000	Yes		
464	zylom.com	Online Games	12000000	0.6	170000000	Yes		
465	freeze.com	Freeware & Shareware	12000000	0.6	74000000	Yes		
466	icq.com	Forum & Chat Providers	12000000	0.6	230000000	Yes		
467	liveinternet.ru	Web Portals	12000000	0.6	280000000	Yes		
468	superpages.com	Business & Personal Listings	12000000	0.6	51000000	Yes		
469	opendns.com	Network Security	12000000	0.6	120000000	Yes		
470	naver.jp	Search Engines	12000000	0.6	88000000	Yes		
471	wan5d.com	Luxury Goods	12000000	0.6	28000000	No		
472	americanas.com.br	Shopping	12000000	0.6	190000000	Yes		
473	medicinenet.com	Health Conditions	12000000	0.6	110000000	Yes		
474	zoosk.com	Dating & Personals	12000000	0.6	340000000	Yes		
475	logsoku.com	Online Communities	12000000	0.6	45000000	Yes		
476	docstoc.com		12000000	0.6	31000000	Yes		
477	popeater.com	Celebrities & Entertainment News	12000000	0.6	80000000	Yes		
478	blogcu.com	Blogging Resources & Services	12000000	0.6	88000000	Yes		
479	evite.com	Gifts & Special Event Items	12000000	0.7	170000000	Yes		
480	aolnews.com	News	11000000	0.6	74000000	Yes		
481	shoplocal.com	Shopping Portals & Search Engines	11000000	0.6	67000000	Yes		
482	delta.com	Air Travel	11000000	0.6	410000000	Yes		
483	all-biz.info	Business & Industrial	11000000	0.6	60000000	Yes		
484	liveperson.net	Customer Relationship Management (CRM)	11000000	0.6	49000000	No		
485	interia.pl	Web Portals	11000000	0.6	730000000	Yes		
486	sanspo.com	Sports News	11000000	0.6	140000000	Yes		
487	letitbit.net	File Sharing & Hosting	11000000	0.6	190000000	Yes		
488	gazeta.pl	Newspapers	11000000	0.6	370000000	Yes		
489	apontador.com.br	City & Local Guides	11000000	0.6	41000000	Yes		
490	altervista.org	Blogging Resources & Services	11000000	0.6	110000000	Yes		
491	exoplanetwar.com	Strategy Games	11000000	0.6	31000000	No		
492	isohunt.com	Search Engines	11000000	0.6	310000000	Yes		
493	gyyx.cn	Online Games	11000000	0.6	61000000	No		
494	ebay.fr	Auctions	11000000	0.6	1100000000	Yes		
495	citibank.com	Finance	11000000	0.6	300000000	Yes		
496	gmarket.co.kr	Shopping	11000000	0.6	730000000	Yes		
497	izlesene.com	Photo & Video Sharing	11000000	0.6	190000000	Yes		
498	hm.com	Apparel	11000000	0.6	540000000	No		
499	tao123.com	Web Portals	11000000	0.6	160000000	Yes		
500	pingan.com	Insurance	11000000	0.6	51000000	No		
501	overstock.com	Mass Merchants & Department Stores	11000000	0.6	250000000	Yes		
502	pc120.com	Antivirus & Malware	11000000	0.6	50000000	No		
503	angelfire.com	Web Hosting & Domain Registration	11000000	0.6	37000000	Yes		
504	vzw.com	Service Providers	11000000	0.6	74000000	Yes		
505	zifugame.com		11000000	0.6	24000000	No		
506	rbc.ru	Business News	11000000	0.6	210000000	Yes		
507	zillow.com	Real Estate	11000000	0.6	450000000	Yes		
508	orbitz.com	Travel	11000000	0.6	210000000	Yes		
509	infoseek.co.jp	Web Portals	11000000	0.6	260000000	Yes		
510	marketgid.info		11000000	0.6	37000000	No		
511	nike.com	Athletic Apparel	11000000	0.6	210000000	Yes		
512	elmundo.es	Newspapers	11000000	0.6	210000000	Yes		
513	etsy.com	Crafts	11000000	0.6	650000000	No		
514	it168.com	Computers & Electronics	11000000	0.6	79000000	Yes		
515	aa.com	Air Travel	11000000	0.6	310000000	Yes		
516	blog.me		11000000	0.6	140000000	No		
517	unkar.org	Forum & Chat Providers	11000000	0.6	31000000	Yes		
518	moshimonsters.com	Simulation Games	11000000	0.6	280000000	Yes		
519	huangjinquxian.com		11000000	0.6	17000000	No		
520	sprint.com	Mobile & Wireless	11000000	0.6	310000000	Yes		
521	symantec.com	Antivirus & Malware	11000000	0.6	60000000	No		
522	marca.com	Sports News	11000000	0.6	450000000	Yes		
523	mp3raid.com	Music Streams & Downloads	11000000	0.6	80000000	Yes		
524	tmz.com	Celebrities & Entertainment News	11000000	0.6	230000000	Yes		
525	t-mobile.com	Mobile Phones	11000000	0.6	280000000	Yes		
526	fazenda.gov.br	Public Finance	11000000	0.6	370000000	No		
527	pcpop.com	Search Engines	11000000	0.6	120000000	Yes		
528	barbie.com	Dress-Up & Fashion Games	11000000	0.6	330000000	Yes		
529	zhaopin.com	Job Listings	11000000	0.6	280000000	Yes		
530	doctissimo.fr	Health	11000000	0.6	120000000	Yes		
531	focus.cn	Dictionaries & Encyclopedias	11000000	0.6	140000000	Yes		
532	speedtest.net	Web Apps & Online Tools	11000000	0.6	42000000	Yes		
533	information.com	Search Engines	11000000	0.6	31000000	Yes		
534	pokerstrategy.com		11000000	0.6	56000000	No		
535	buzzle.com	Web Portals	11000000	0.6	34000000	Yes		
536	ctrip.com	Travel	11000000	0.6	150000000	Yes		
537	accuweather.com	Weather	11000000	0.6	230000000	Yes		
538	today.com	Blogging Resources & Services	11000000	0.6	41000000	Yes		
539	auction.co.kr	Price Comparisons	11000000	0.6	590000000	No		
540	multiply.com	Photo & Image Sharing	11000000	0.6	210000000	Yes		
541	acer.com	Desktop Computers	11000000	0.6	90000000	No		
542	toshiba.com	Computers & Electronics	11000000	0.6	250000000	Yes		
543	vesti.ru	News	11000000	0.6	66000000	Yes		
544	quepasa.com	Latinos & Latin-Americans	11000000	0.6	210000000	Yes		
545	ucjoy.com	Computer & Video Games	10000000	0.5	23000000	No		
546	pchome.net	Computers & Electronics	10000000	0.5	80000000	Yes		
547	citysearch.com	City & Local Guides	10000000	0.5	38000000	Yes		
548	tuenti.com	Social Networks	10000000	0.5	23000000000	No		
549	chosun.com	Newspapers	10000000	0.5	280000000	Yes		
550	causes.com	Social Issues & Advocacy	10000000	0.5	37000000	Yes		
551	oi.com.br	Web Portals	10000000	0.5	210000000	Yes		
552	ebay.it	E-Commerce Services	10000000	0.5	720000000	Yes		
553	buycheapr.com	Consumer Electronics	10000000	0.5	49000000	Yes		
554	85play.com	Games	10000000	0.5	89000000	Yes		
555	stardoll.com	Dress-Up & Fashion Games	10000000	0.5	870000000	Yes		
556	ip138.com	Directories & Listings	10000000	0.5	56000000	Yes		
557	fixya.com	Consumer Resources	10000000	0.5	41000000	Yes		
558	kijiji.ca	Shopping	10000000	0.5	1400000000	Yes		
559	aweber.com	Email & Messaging	10000000	0.5	74000000	Yes		
560	xe.com	Travel	10000000	0.5	120000000	Yes		
561	letao.com	Footwear	10000000	0.5	73000000	No		
562	time.com	News	10000000	0.5	97000000	Yes		
563	gnavi.co.jp	Dining Guides	10000000	0.5	160000000	Yes		
564	wetter.com	Weather	10000000	0.5	140000000	Yes		
565	cri.cn	News	10000000	0.5	130000000	Yes		
566	filehippo.com	File Sharing & Hosting	10000000	0.5	66000000	Yes		
567	01net.com	Technology News	9900000	0.5	110000000	Yes		
568	sapo.pt	Web Portals	9900000	0.5	490000000	Yes		
569	webry.info	Military	9900000	0.5	60000000	Yes		
570	tinypic.com	Photo & Video Sharing	9900000	0.5	45000000	Yes		
571	costco.com	Mass Merchants & Department Stores	9900000	0.5	190000000	No		
572	playstation.com	Sony PlayStation	9900000	0.5	130000000	Yes		
573	cbsnews.com	News	9900000	0.5	98000000	Yes		
574	ea.com	Computer & Video Games	9900000	0.5	120000000	Yes		
575	pbskids.org		9900000	0.5	960000000	Yes		
576	novoteka.ru	Newspapers	9900000	0.5	110000000	Yes		
577	2144.cn	Online Games	9900000	0.5	250000000	Yes		
578	olx.com.br	Classifieds	9900000	0.5	54000000	Yes		
579	spiegel.de	Newspapers	9900000	0.5	330000000	Yes		
580	alexa.com	Advertising & Marketing	9900000	0.5	210000000	Yes		
581	pixnet.net	Online Journals & Personal Sites	9900000	0.5	160000000	Yes		
582	nikkeibp.co.jp	Business News	9900000	0.5	130000000	Yes		
583	qip.ru	Web Portals	9900000	0.5	250000000	Yes		
584	tistory.com	Blogging Resources & Services	9900000	0.5	67000000	Yes		
585	makepolo.com	E-Commerce Services	9900000	0.5	81000000	Yes		
586	usafis.org	Visa & Immigration	9900000	0.5	19000000	No		
587	last.fm	Music Streams & Downloads	9900000	0.5	82000000	Yes		
588	marriott.com	Hotels & Accommodations	9900000	0.5	190000000	No		
589	lego.com	Toys	9900000	0.5	600000000	No		
590	realtor.com	Real Estate Listings	9900000	0.5	370000000	Yes		
591	ed.gov	Education	9900000	0.5	340000000	No		
592	mtime.com	Movies	9900000	0.5	89000000	Yes		
593	ninemsn.com.au	Celebrities & Entertainment News	9900000	0.5	440000000	Yes		
594	godaddy.com	Web Hosting & Domain Registration	9900000	0.5	230000000	Yes		
595	lashou.com	Coupons & Discount Offers	9900000	0.5	81000000	No		
596	merriam-webster.com	Dictionaries & Encyclopedias	9900000	0.5	66000000	Yes		
597	issuu.com	Software Utilities	9900000	0.5	35000000	Yes		
598	ct10000.com	Phone Service Providers	9800000	0.5	130000000	Yes		
599	sky.com	Web Portals	9800000	0.5	530000000	Yes		
600	hc360.com	E-Commerce Services	9800000	0.5	120000000	Yes		
601	27.cn	Beauty & Fitness	9800000	0.5	230000000	Yes		
602	ca.gov	State & Local Government	9800000	0.5	370000000	Yes		
603	wat.tv	Online Video	9800000	0.5	68000000	Yes		
604	howstuffworks.com	How-To&sbquo; DIY & Expert Content	9800000	0.5	73000000	Yes		
605	barnesandnoble.com	Book Retailers	9800000	0.5	210000000	Yes		
606	szgla.com	Video Game Retailers	9800000	0.5	23000000	Yes		
607	aljazeera.net	TV Networks & Stations	9800000	0.5	170000000	Yes		
608	plentyoffish.com	Online Communities	9800000	0.5	2800000000	Yes		
609	forbes.com	Business News	9800000	0.5	98000000	Yes		
610	japanpost.jp	Mail & Package Delivery	9800000	0.5	190000000	No		
611	120ask.com	Health Conditions	9800000	0.5	46000000	Yes		
612	sympatico.ca	Web Portals	9800000	0.5	170000000	Yes		
613	hilton.com	Hotels & Accommodations	9800000	0.5	170000000	No		
614	rutube.ru	Video Sharing	9800000	0.5	88000000	Yes		
615	wachovia.com	Banking	9700000	0.5	540000000	Yes		
616	timeanddate.com	Time & Calendars	9100000	0.5	37000000	Yes		
617	citi.com	Finance	9100000	0.5	50000000	Yes		
618	115.com	Search Engines	9100000	0.5	66000000	Yes		
619	mercadolibre.com.mx	Classifieds	9100000	0.5	340000000	Yes		
620	198game.net	Games	9100000	0.5	25000000	No		
621	victoriassecret.com	Undergarments	9100000	0.5	490000000	Yes		
622	mundoanuncio.com	Classifieds	9100000	0.5	170000000	Yes		
623	zhcw.com		9100000	0.5	110000000	Yes		
624	teacup.com	Forum & Chat Providers	9100000	0.5	98000000	Yes		
625	china.com.cn	Internet & Telecom	9100000	0.5	61000000	Yes		
626	coupons.com	Coupons & Discount Offers	9100000	0.5	210000000	Yes		
627	nickjr.com	TV Family-Oriented Shows	9100000	0.5	540000000	Yes		
628	yoka.com	Fashion & Style	9100000	0.5	230000000	Yes		
629	kayak.com	Air Travel	9100000	0.5	120000000	Yes		
630	speeddate.com	Dating & Personals	9100000	0.5	210000000	Yes		
631	hotwire.com	Travel	9100000	0.5	90000000	Yes		
632	discovercard.com	Credit Cards	9100000	0.5	230000000	Yes		
633	jalan.net	Hotels & Accommodations	9100000	0.5	340000000	Yes		
634	mgid.com	Price Comparisons	9100000	0.5	60000000	Yes		
635	toysrus.com	Toys	9100000	0.5	230000000	No		
636	pointblank.ru	Computer & Video Games	9100000	0.5	18000000	Yes		
637	mt.co.kr	Investing	9100000	0.5	97000000	Yes		
638	veoh.com	Online Video	9100000	0.5	67000000	Yes		
639	me.com	Mobile Apps & Add-Ons	9100000	0.5	190000000	Yes		
640	5d6d.com	Movies	9100000	0.5	87000000	Yes		
641	rian.ru	Web Portals	9000000	0.5	67000000	Yes		
642	yiqiwin.com	Acupuncture & Chinese Medicine	9000000	0.5	28000000	No		
643	webcrawler.com	Search Engines	9000000	0.5	50000000	Yes		
644	juegosjuegos.com	Games	9000000	0.5	340000000	Yes		
645	elpais.com	Newspapers	9000000	0.5	210000000	Yes		
646	kboing.com.br	Music Streams & Downloads	9000000	0.5	370000000	Yes		
647	boc.cn	Currencies & Foreign Exchange	9000000	0.5	170000000	No		
648	acrobat.com	Business & Productivity Software	9000000	0.5	50000000	No		
649	cmbchina.com	Banking	9000000	0.5	110000000	No		
650	esmas.com	Web Portals	9000000	0.5	160000000	Yes		
651	11st.co.kr	Home Financing	9000000	0.5	380000000	No		
652	zappos.com	Apparel	9000000	0.5	280000000	No		
653	mundodastribos.com	Arts & Entertainment	9000000	0.5	28000000	Yes		
654	weather.gov	Weather	9000000	0.5	190000000	No		
655	bigfishgames.com	Computer & Video Games	9000000	0.5	180000000	Yes		
656	groupon.jp	Coupons & Discount Offers	9000000	0.5	51000000	Yes		
657	peixeurbano.com.br	Coupons & Discount Offers	9000000	0.5	89000000	Yes		
658	dion.ne.jp	ISPs	9000000	0.5	55000000	Yes		
659	travelzoo.com	Travel Agencies & Services	9000000	0.5	74000000	Yes		
660	rising.cn		9000000	0.5	250000000	Yes		
661	groupon.co.uk	Coupons & Discount Offers	9000000	0.5	67000000	No		
662	v1.cn	Fashion & Style	9000000	0.5	34000000	Yes		
663	intelius.com	People Search	9000000	0.5	110000000	Yes		
664	national-lottery.co.uk		9000000	0.5	310000000	Yes		
665	euroresidentes.com	Web Portals	9000000	0.5	45000000	Yes		
666	bloomberg.com	Business News	9000000	0.5	140000000	Yes		
667	europa.eu	Multilateral Organizations	9000000	0.5	110000000	No		
668	qqwangming.org	Online Goodies	9000000	0.5	120000000	Yes		
669	114la.com	Directories & Listings	9000000	0.5	250000000	Yes		
670	24h.com.vn	News	9000000	0.5	590000000	Yes		
671	yaplog.jp	Blogging Resources & Services	9000000	0.5	67000000	Yes		
672	onlinedown.net	Software	9000000	0.5	28000000	Yes		
673	duote.com	Software	9000000	0.5	55000000	Yes		
674	credit-agricole.fr	Banking	9000000	0.5	400000000	Yes		
675	oricon.co.jp	Music & Audio	9000000	0.5	67000000	Yes		
676	nydailynews.com	Gossip & Tabloid News	9000000	0.5	67000000	Yes		
677	plala.or.jp	ISPs	9000000	0.5	73000000	Yes		
678	ancestry.com	Ancestry & Genealogy	9000000	0.5	970000000	Yes		
679	sanook.com	Web Portals	9000000	0.5	480000000	Yes		
680	etao.com	Fashion & Style	9000000	0.5	50000000	Yes		
681	dipan.com	Computer & Video Games	9000000	0.5	31000000	Yes		
682	cookpad.com	Cooking & Recipes	9000000	0.5	370000000	Yes		
683	hurriyet.com.tr	Newspapers	9000000	0.5	800000000	Yes		
684	android.com	Mobile Apps & Add-Ons	9000000	0.5	130000000	No		
685	righthealth.com	Medical Literature & Resources	9000000	0.5	37000000	Yes		
686	windowsmedia.com	Music & Audio	9000000	0.5	23000000	Yes		
687	ojogos.com.br	Online Games	9000000	0.5	250000000	Yes		
688	amazon.fr	Shopping Portals & Search Engines	9000000	0.5	210000000	No		
689	tesco.com	Mass Merchants & Department Stores	9000000	0.5	360000000	Yes		
690	hyves.nl	Social Networks	9000000	0.5	3600000000	Yes		
691	enfemenino.com	Women's Interests	9000000	0.5	54000000	Yes		
692	weebly.com	Web Design & Development	9000000	0.5	73000000	Yes		
693	xpg.com.br	Web Hosting & Domain Registration	9000000	0.5	98000000	Yes		
694	poptropica.com	Virtual Worlds	9000000	0.5	870000000	No		
695	dygod.net	TV Shows & Programs	8900000	0.5	50000000	Yes		
696	fidelity.com	Retirement & Pension	8900000	0.5	540000000	Yes		
697	nokia.com	Mobile Phones	8900000	0.5	98000000	No		
698	vnet.cn	Web Portals	8900000	0.5	45000000	Yes		
699	nhl.com	Hockey	8900000	0.5	210000000	Yes		
700	espncricinfo.com	Cricket	8900000	0.5	230000000	Yes		
701	impress.co.jp	Computers & Electronics	8900000	0.5	120000000	Yes		
702	otto.de	Mass Merchants & Department Stores	8900000	0.5	440000000	No		
703	kickasstorrents.com	File Sharing & Hosting	8900000	0.5	120000000	Yes		
704	gd118114.cn	Web Services	8900000	0.5	31000000	Yes		
705	autotrader.com	Vehicle Shopping	8900000	0.5	410000000	Yes		
706	direct.gov.uk	Law & Government	8900000	0.5	400000000	Yes		
707	coolmath-games.com	Mathematics	8900000	0.5	230000000	Yes		
708	vevo.com	Music Streams & Downloads	8900000	0.5	51000000	Yes		
709	shvoong.com	Arts & Entertainment	8900000	0.5	23000000	Yes		
710	fandango.com	Movie Listings & Theater Showtimes	8900000	0.5	98000000	Yes		
711	mayoclinic.com	Health Conditions	8900000	0.5	66000000	Yes		
712	zaycev.net	Music Streams & Downloads	8900000	0.5	410000000	Yes		
713	readnovel.com	E-Books	8900000	0.5	540000000	Yes		
714	thesun.co.uk	Newspapers	8900000	0.5	140000000	Yes		
715	atwiki.jp	Web Hosting & Domain Registration	8900000	0.5	210000000	Yes		
716	yesky.com	Computers & Electronics	8800000	0.5	74000000	Yes		
717	travelocity.com	Travel Agencies & Services	8800000	0.5	210000000	Yes		
718	livescore.com		8800000	0.5	720000000	Yes		
719	ovi.com	Mobile Apps & Add-Ons	8800000	0.5	250000000	No		
720	vnexpress.net	News	8800000	0.5	600000000	Yes		
721	kp.ru	News	8800000	0.5	80000000	Yes		
722	stumbleupon.com	Web Apps & Online Tools	8300000	0.4	230000000	Yes		
723	discovery.com	TV Networks & Stations	8300000	0.4	73000000	Yes		
724	bahn.de	Bus & Rail	8300000	0.4	170000000	Yes		
725	topix.com	Local News	8300000	0.4	110000000	Yes		
726	noaa.gov	Water & Marine Sciences	8300000	0.4	130000000	No		
727	shangdu.com		8300000	0.4	98000000	Yes		
728	programas-gratis.net	Software	8300000	0.4	51000000	Yes		
729	trulia.com	Real Estate Listings	8300000	0.4	250000000	Yes		
730	repubblica.it	Politics	8300000	0.4	370000000	Yes		
731	associatedcontent.com	General Reference	8300000	0.4	31000000	Yes		
732	goal.com	Soccer	8300000	0.4	120000000	Yes		
733	archive.org	General Reference	8300000	0.4	80000000	No		
734	pclady.com.cn	Fashion & Style	8300000	0.4	140000000	Yes		
735	ibm.com	Computers & Electronics	8200000	0.4	170000000	No		
736	nationalgeographic.com	Magazines	8200000	0.4	88000000	Yes		
737	digg.com	Online Communities	8200000	0.4	50000000	Yes		
738	iciba.com	Language Resources	8200000	0.4	110000000	Yes		
739	wwe.com	Sports	8200000	0.4	140000000	Yes		
740	videosurf.com	Online Video	8200000	0.4	89000000	Yes		
741	gismeteo.ru	Weather	8200000	0.4	140000000	Yes		
742	myvideo.de	Online Video	8200000	0.4	110000000	Yes		
743	partypoker.fr		8200000	0.4	42000000	Yes		
744	usbank.com	Banking	8200000	0.4	440000000	No		
745	xcar.com.cn	Autos & Vehicles	8200000	0.4	310000000	Yes		
746	bleacherreport.com	American Football	8200000	0.4	300000000	Yes		
747	geocities.co.jp	Web Hosting & Domain Registration	8200000	0.4	41000000	Yes		
748	rtl.de	TV Networks & Stations	8200000	0.4	140000000	Yes		
749	drugs.com	Health	8200000	0.4	45000000	Yes		
750	haodf.com	Hospitals & Treatment Centers	8200000	0.4	81000000	No		
751	chinadaily.com.cn	News	8200000	0.4	55000000	Yes		
752	juegosdiarios.com	Casual Games	8200000	0.4	230000000	Yes		
753	directv.com	Cable & Satellite Providers	8200000	0.4	140000000	No		
754	argos.co.uk	Mass Merchants & Department Stores	8200000	0.4	170000000	Yes		
755	yam.com	Web Portals	8200000	0.4	230000000	Yes		
756	urbandictionary.com	Humor	8200000	0.4	41000000	Yes		
757	corriere.it	Newspapers	8200000	0.4	330000000	Yes		
758	gifts.com	Gifts	8200000	0.4	28000000	Yes		
759	qqgexing.com	Social Network Apps & Add-Ons	8200000	0.4	720000000	Yes		
760	autoscout24.de	Vehicle Shopping	8200000	0.4	800000000	Yes		
761	24quan.com	Coupons & Discount Offers	8200000	0.4	34000000	No		
762	jimdo.com	Web Design & Development	8200000	0.4	89000000	Yes		
763	readme.ru	News	8200000	0.4	81000000	Yes		
764	360doc.com	Social Sciences	8200000	0.4	61000000	Yes		
765	9ku.com	Music Streams & Downloads	8100000	0.4	120000000	Yes		
766	kapook.com	Web Portals	8100000	0.4	170000000	Yes		
767	piriform.com	Software Utilities	8100000	0.4	34000000	Yes		
768	suning.cn	Home Appliances	8100000	0.4	66000000	No		
769	guiaconsumidor.com		8100000	0.4	28000000	No		
770	grepolis.com	Massive Multiplayer	8100000	0.4	1300000000	No		
771	worldslastchance.com	Christianity	8100000	0.4	16000000	Yes		
772	ya.ru	Search Engines	8100000	0.4	120000000	Yes		
773	infospace.com	Search Engines	8100000	0.4	73000000	No		
774	jxedt.com	Vehicle Licensing & Registration	8100000	0.4	270000000	Yes		
775	pcgames.com.cn	Online Games	8100000	0.4	67000000	Yes		
776	examiner.com	News	8100000	0.4	41000000	Yes		
777	snapdeal.com	Coupons & Discount Offers	8100000	0.4	31000000	Yes		
778	cooks.com	Cooking & Recipes	8100000	0.4	99000000	Yes		
779	cbs.com	TV Shows & Programs	8100000	0.4	110000000	Yes		
780	usenet.nl	File Sharing & Hosting	8100000	0.4	21000000	No		
781	made-in-china.com	Business & Industrial	8100000	0.4	62000000	Yes		
782	cnxad.com		8100000	0.4	21000000	No		
783	partypoker.it		8100000	0.4	38000000	Yes		
784	lenovo.com	Computer Hardware	8100000	0.4	130000000	Yes		
785	engadget.com	Consumer Electronics	8100000	0.4	54000000	Yes		
786	888.com		8100000	0.4	17000000	Yes		
787	ziddu.com	Photo & Video Sharing	8100000	0.4	66000000	Yes		
788	city-data.com	Real Estate	8100000	0.4	38000000	Yes		
789	juchang.com	Movies	8100000	0.4	73000000	Yes		
790	marktplaats.nl	Classifieds	8100000	0.4	1700000000	Yes		
791	appspot.com	Web Apps & Online Tools	8100000	0.4	56000000	Yes		
792	milliyet.com.tr	Newspapers	8100000	0.4	970000000	Yes		
793	ebay.com.au	Auctions	8100000	0.4	1300000000	Yes		
794	shockwave.com	Casual Games	8100000	0.4	82000000	Yes		
795	mercadolibre.com.ar	Classifieds	8000000	0.4	490000000	Yes		
796	immobilienscout24.de	Real Estate Listings	8000000	0.4	450000000	Yes		
797	catho.com.br	Jobs	8000000	0.4	110000000	Yes		
798	galeon.com	Web Hosting & Domain Registration	8000000	0.4	28000000	Yes		
799	cctv.com	TV & Video	7600000	0.4	34000000	Yes		
800	submarino.com.br	Shopping Portals & Search Engines	7500000	0.4	99000000	Yes		
801	pchome.com.tw	Web Portals	7500000	0.4	380000000	Yes		
802	123people.com	People Search	7500000	0.4	24000000	Yes		
803	priceminister.com	Shopping	7500000	0.4	140000000	Yes		
804	tf1.fr	TV Networks & Stations	7500000	0.4	160000000	Yes		
805	nordstrom.com	Mass Merchants & Department Stores	7500000	0.4	210000000	No		
806	wer-kennt-wen.de	Social Networks	7500000	0.4	2500000000	Yes		
807	king.com	Online Games	7500000	0.4	860000000	Yes		
808	virginmedia.com	News	7500000	0.4	310000000	Yes		
809	utorrent.com	Multimedia Software	7500000	0.4	46000000	No		
810	bt.com	Service Providers	7500000	0.4	160000000	Yes		
811	aol.co.uk	Web Portals	7500000	0.4	170000000	Yes		
812	bb.com.br	Banking	7500000	0.4	310000000	No		
813	pole-emploi.fr	Welfare & Unemployment	7500000	0.4	780000000	No		
814	rayli.com.cn	Beauty & Fitness	7500000	0.4	210000000	Yes		
815	meteofrance.com	Weather	7500000	0.4	110000000	Yes		
816	stayfriends.de	Social Networks	7500000	0.4	190000000	Yes		
817	ekolay.net	Web Portals	7500000	0.4	330000000	Yes		
818	businessweek.com	Business & Industrial	7500000	0.4	31000000	Yes		
819	rutracker.org		7500000	0.4	410000000	Yes		
820	newgrounds.com	Casual Games	7500000	0.4	97000000	Yes		
821	privalia.com	Apparel	7500000	0.4	110000000	Yes		
822	netshoes.com.br	Footwear	7500000	0.4	120000000	Yes		
823	walgreens.com	Mass Merchants & Department Stores	7500000	0.4	210000000	Yes		
824	52pk.com	Online Games	7500000	0.4	80000000	Yes		
825	news.cn	Anime & Manga	7500000	0.4	45000000	Yes		
826	eonline.com	Arts & Entertainment	7500000	0.4	120000000	Yes		
827	gamezer.com	Massive Multiplayer	7500000	0.4	110000000	Yes		
828	groupalia.com	Travel	7500000	0.4	34000000	No		
829	grooveshark.com	Music Streams & Downloads	7500000	0.4	210000000	Yes		
830	usazm.net		7500000	0.4	17000000	No		
831	sciencedirect.com	Science	7500000	0.4	66000000	Yes		
832	torrentreactor.net	File Sharing & Hosting	7500000	0.4	26000000	Yes		
833	wer-weiss-was.de	Internet & Telecom	7500000	0.4	18000000	Yes		
834	fotolog.com	Photo & Video Sharing	7500000	0.4	130000000	Yes		
835	deezer.com	Music Streams & Downloads	7500000	0.4	310000000	Yes		
836	stackoverflow.com	Programming	7500000	0.4	45000000	Yes		
837	alice.it	News	7400000	0.4	280000000	Yes		
838	overture.com	Advertising & Marketing	7400000	0.4	50000000	Yes		
839	easyjet.com	Travel	7400000	0.4	120000000	Yes		
840	torrentdownloads.net	File Sharing & Hosting	7400000	0.4	41000000	Yes		
841	classmates.com	Alumni & Reunions	7400000	0.4	79000000	Yes		
842	weblio.jp	Dictionaries & Encyclopedias	7400000	0.4	41000000	Yes		
843	337.com	Flash-Based Entertainment	7400000	0.4	37000000	No		
844	wizard101.com	Massive Multiplayer	7400000	0.4	49000000	Yes		
845	sahibinden.com	Classifieds	7400000	0.4	1900000000	Yes		
846	livestrong.com	Nutrition	7400000	0.4	46000000	Yes		
847	retailmenot.com	Coupons & Discount Offers	7400000	0.4	31000000	Yes		
848	logmein.com	Networking	7400000	0.4	340000000	Yes		
849	chefkoch.de	Cooking & Recipes	7400000	0.4	140000000	Yes		
850	usaa.com	Finance	7400000	0.4	380000000	Yes		
851	reverso.net	Translation Tools & Resources	7400000	0.4	110000000	Yes		
852	btjunkie.org	File Sharing & Hosting	7400000	0.4	210000000	Yes		
853	yahoo.com.tw	Web Portals	7400000	0.4	450000000	Yes		
854	my4399.com	Online Games	7400000	0.4	38000000	No		
855	staples.com	Office Supplies	7400000	0.4	97000000	Yes		
856	tvguide.com	TV Shows & Programs	7400000	0.4	73000000	Yes		
857	aibang.com	Web Services	7400000	0.4	38000000	Yes		
858	zhenai.com	Dating & Personals	7400000	0.4	250000000	No		
859	nikkansports.com	Sports News	7400000	0.4	110000000	Yes		
860	nasa.gov	Astronomy	7400000	0.4	81000000	No		
861	minijuegos.com	Casual Games	7400000	0.4	160000000	Yes		
862	2bj.cn		7400000	0.4	37000000	No		
863	nhaccuatui.com	Viet Nam	7400000	0.4	300000000	Yes		
864	xbox.com	Xbox	7400000	0.4	130000000	Yes		
865	thesaurus.com	Dictionaries & Encyclopedias	7400000	0.4	67000000	Yes		
866	recadopop.com	Social Network Apps & Add-Ons	7400000	0.4	110000000	Yes		
867	cbslocal.com	TV Networks & Stations	7400000	0.4	74000000	Yes		
868	gumtree.com	Classifieds	7400000	0.4	370000000	Yes		
869	zoosnet.net	Software	7400000	0.4	45000000	No		
870	xywy.com	Health	7400000	0.4	38000000	Yes		
871	shopzilla.com		7400000	0.4	55000000	Yes		
872	wix.com	TV Shows & Programs	7400000	0.4	81000000	No		
873	fanpop.com	TV Shows & Programs	7400000	0.4	61000000	Yes		
874	newhua.com	Software Utilities	7400000	0.4	28000000	Yes		
875	cnbc.com	Business News	7400000	0.4	230000000	Yes		
876	lloydstsb.co.uk	Banking	7400000	0.4	450000000	No		
877	browserchoice.eu	Internet Clients & Browsers	7400000	0.4	18000000	No		
878	oracle.com	Data Management	7400000	0.4	110000000	Yes		
879	nikkei.com	Business News	7400000	0.4	190000000	Yes		
880	wiley.com	Books & Literature	7400000	0.4	67000000	Yes		
881	groupon.fr	Shopping	7400000	0.4	55000000	No		
882	sonyericsson.com	Mobile Phones	7300000	0.4	74000000	Yes		
883	box10.com	Online Games	7300000	0.4	88000000	Yes		
884	news.de	News	7300000	0.4	23000000	Yes		
885	break.com	Humor	7300000	0.4	110000000	Yes		
886	meinestadt.de	Web Portals	7300000	0.4	130000000	Yes		
887	kbb.com	Motorcycles	7300000	0.4	250000000	Yes		
888	donga.com	Newspapers	7300000	0.4	140000000	Yes		
889	51seer.com	Robotics	6900000	0.4	55000000	Yes		
890	jrj.com.cn	Investing	6900000	0.4	120000000	Yes		
891	hinet.net	Web Portals	6900000	0.4	230000000	Yes		
892	clickon.com.br	Coupons & Discount Offers	6900000	0.4	28000000	Yes		
893	wordpress.org	Blogging Resources & Services	6900000	0.4	74000000	No		
894	interpark.com	Shopping	6900000	0.4	210000000	No		
895	state.gov	Government	6800000	0.4	210000000	No		
896	smarter.com	Price Comparisons	6800000	0.4	29000000	Yes		
897	dantri.com.vn	Native Americans	6800000	0.4	370000000	Yes		
898	canalblog.com		6800000	0.4	73000000	Yes		
899	utro.ru	Newspapers	6800000	0.4	42000000	Yes		
900	tbs.co.jp	TV Networks & Stations	6800000	0.4	89000000	Yes		
901	idealo.de	Price Comparisons	6800000	0.4	61000000	Yes		
902	ciao.de	Product Reviews & Price Comparisons	6800000	0.4	26000000	Yes		
903	htc.com	Mobile Phones	6800000	0.4	80000000	Yes		
904	rtve.es	TV Networks & Stations	6800000	0.4	160000000	Yes		
905	cox.net	ISPs	6800000	0.4	550000000	Yes		
906	vidivodo.com	Online Video	6800000	0.4	54000000	Yes		
907	plixi.com	Photo & Image Sharing	6800000	0.4	67000000	Yes		
908	popularscreensavers.com	Skins Themes & Wallpapers	6800000	0.4	34000000	Yes		
909	junnew.com	Advertising & Marketing	6800000	0.4	13000000	No		
910	hankooki.com	Business & Industrial	6800000	0.4	130000000	Yes		
911	chacha.com	Arts & Entertainment	6800000	0.4	28000000	Yes		
912	correios.com.br	Mail & Package Delivery	6800000	0.4	89000000	Yes		
913	cbs55.com		6800000	0.4	15000000	No		
914	shinobi.jp	Web Stats & Analytics	6800000	0.4	54000000	Yes		
915	hotpepper.jp	Dining Guides	6800000	0.4	120000000	Yes		
916	bedbathandbeyond.com	Bed & Bath	6800000	0.4	150000000	No		
917	cylex.de	Business & Personal Listings	6800000	0.4	19000000	Yes		
918	kongzhong.com	Computer & Video Games	6800000	0.4	31000000	No		
919	ruammid.com	Video Sharing	6800000	0.4	45000000	Yes		
920	xuite.net	Blogging Resources & Services	6800000	0.4	97000000	Yes		
921	wisegeek.com	How-To&sbquo; DIY & Expert Content	6800000	0.4	19000000	Yes		
922	terra.es	Web Portals	6800000	0.4	130000000	Yes		
923	csdn.net	Computers & Electronics	6800000	0.4	55000000	Yes		
924	trialpay.com	Merchant Services & Payment Systems	6800000	0.4	31000000	Yes		
925	skysports.com	Sports News	6800000	0.4	130000000	Yes		
926	yupis.org	Casual Games	6800000	0.4	67000000	Yes		
927	hsbccreditcard.com	Credit Cards	6800000	0.4	120000000	Yes		
928	bandoo.com	Online Goodies	6800000	0.4	12000000	No		
929	newegg.com	Computer Components	6800000	0.4	130000000	Yes		
930	vector.co.jp	Internet Clients & Browsers	6800000	0.4	61000000	Yes		
931	dihitt.com.br	News	6800000	0.4	21000000	Yes		
932	uniblue.com	Software	6800000	0.4	16000000	No		
933	playsushi.com	Casual Games	6800000	0.4	26000000	Yes		
934	meituan.com	Coupons & Discount Offers	6800000	0.4	66000000	Yes		
935	mashable.com	Technology News	6800000	0.4	31000000	Yes		
936	sbs.co.kr	TV Soap Operas	6800000	0.4	120000000	Yes		
937	officialiqquiz.com	Fun Tests & Silly Surveys	6800000	0.4	42000000	No		
938	natwest.com	Banking	6800000	0.4	110000000	Yes		
939	nbc.com	TV Networks & Stations	6800000	0.4	74000000	Yes		
940	didigames.com	Dress-Up & Fashion Games	6800000	0.4	230000000	Yes		
941	news72.com	Web Portals	6800000	0.4	23000000	Yes		
942	zwinky.com	Dress-Up & Fashion Games	6800000	0.4	34000000	Yes		
943	allocine.fr	Movie Listings & Theater Showtimes	6800000	0.4	96000000	Yes		
944	shutterfly.com	Photo & Video Services	6800000	0.4	330000000	Yes		
945	friend.ly		6800000	0.4	46000000	No		
946	990buy.com		6800000	0.4	23000000	No		
947	freebookofra.com		6700000	0.4	19000000	No		
948	aipai.com	Online Games	6700000	0.4	98000000	Yes		
949	freakshare.com	File Sharing & Hosting	6700000	0.4	50000000	No		
950	iwon.com		6700000	0.4	50000000	Yes		
951	daily.co.jp	Newspapers	6700000	0.4	38000000	Yes		
952	letsbonus.com		6700000	0.4	31000000	Yes		
953	justanswer.com	General Reference	6700000	0.4	34000000	Yes		
954	mappy.com	Maps	6700000	0.4	81000000	Yes		
955	tvsquad.com	TV & Video	6700000	0.4	26000000	Yes		
956	lloydstsb.com	Finance	6700000	0.4	67000000	Yes		
957	informer.com	Web Design & Development	6700000	0.4	26000000	Yes		
958	heroturko.org	File Sharing & Hosting	6700000	0.4	38000000	Yes		
959	seznam.cz	Web Portals	6700000	0.4	2300000000	Yes		
960	uefa.com	Soccer	6700000	0.4	72000000	Yes		
961	msn.com.cn	Travel	6700000	0.4	90000000	Yes		
962	edmunds.com	Vehicle Shopping	6700000	0.4	73000000	Yes		
963	terra.com	Latinos & Latin-Americans	6700000	0.4	55000000	Yes		
964	us.com	Search Engines	6700000	0.4	35000000	Yes		
965	lyricsmode.com	Song Lyrics & Tabs	6700000	0.4	21000000	Yes		
966	kooora.com	Sports News	6700000	0.4	410000000	Yes		
967	as.com	Sports News	6700000	0.4	190000000	Yes		
968	kmart.com	Mass Merchants & Department Stores	6700000	0.4	120000000	Yes		
969	mobifiesta.com	Mobile Apps & Add-Ons	6700000	0.4	34000000	Yes		
970	radikal.ru	Photo & Video Software	6700000	0.4	55000000	Yes		
971	gamesgames.com	Flash-Based Entertainment	6700000	0.4	110000000	Yes		
972	blinkogold.com.br	Online Games	6700000	0.4	18000000	No		
973	itv.com	TV Networks & Stations	6700000	0.4	89000000	Yes		
974	suite101.com	Business & Industrial	6700000	0.4	20000000	Yes		
975	cdiscount.com	Consumer Electronics	6700000	0.4	190000000	Yes		
976	battle.net	Online Games	6700000	0.4	230000000	Yes		
977	vente-privee.com	Apparel	6700000	0.4	660000000	No		
978	sing365.com	Song Lyrics & Tabs	6700000	0.4	19000000	Yes		
979	2478.com		6700000	0.4	11000000	No		
980	otomoto.pl	Vehicle Shopping	6700000	0.4	540000000	Yes		
981	avira.com	Antivirus & Malware	6700000	0.4	21000000	No		
982	azlyrics.com	Song Lyrics & Tabs	6700000	0.4	31000000	Yes		
983	47news.jp	News	6700000	0.4	28000000	Yes		
984	quebarato.com.br	Classifieds	6700000	0.4	21000000	Yes		
985	irctc.co.in	Bus & Rail	6700000	0.4	250000000	No		
986	cafemom.com	Pregnancy & Maternity	6600000	0.4	66000000	Yes		
987	mercadolibre.com	Auctions	6600000	0.4	82000000	Yes		
988	yihaodian.com	Freight & Trucking	6600000	0.4	41000000	No		
989	qqtn.com	Email & Messaging	6600000	0.4	66000000	Yes		
990	alisoft.com	E-Commerce Services	6600000	0.4	42000000	Yes		
991	popcap.com	Casual Games	6600000	0.4	42000000	Yes		
992	aeriagames.com	Online Games	6600000	0.4	46000000	Yes		
993	ntv.co.jp	TV Networks & Stations	6600000	0.4	45000000	Yes		
994	baofeng.com	Media Players	6200000	0.3	26000000	No		
995	mozilla-europe.org	Internet Clients & Browsers	6200000	0.3	14000000	Yes		
996	bancobrasil.com.br	Banking	6200000	0.3	460000000	No		
997	prixmoinscher.com	Price Comparisons	6200000	0.3	67000000	No		
998	disneylatino.com		6200000	0.3	230000000	Yes		
999	imagevenue.com	Photo & Image Sharing	6200000	0.3	67000000	Yes		
1000	warnerbros.com	Film & TV Industry	6200000	0.3	50000000	Yes		
